tweet,clase
It 's bad except covid-19 kind ruin ğŸ˜” anyway unni I enjoy eight much,Positivo
pressur mount PA gov tom wolf even democrat now question coronaviru shutdown via breitbartnew johnfetterman paattorneygen sentoomey senbobcasey,Neutro
fascin hear historian medicin explor implic 2020 coronaviru remak nation global public health aahmpandemichistori covid19,Neutro
shoewizard59 that â€™ assum everi death covid ... .we get back question for anyway doe posit covid dx equal death covid someon die covid+,Neutro
bumboswerv cunt hope covid19 get playlist selfish twat,Positivo
damoclestweet bobbyzero247 kusinew thi happen peopl 's live guy charg cours live count covid19 death count,Positivo
imsamalsingh jisn corona phailaya uski gaand sidha goli mari -- china thukn walo ko jail bheja -- spain break lockdown lathicharg -- itali spread virus.. without bail jail -- america poora likho bhaia,Positivo
usa alway got ta 1 spot everyth ... even covid-19 case ğŸ˜,Neutro
welcome2york eighteen97bandb the leed countri way keep sane lockdown yorkshiretogeth,Neutro
N korea singl case yet request help directli presid Xi bizarr It either case need help â€™ break sanction coronaviru covid19 northkorea china sanction,Neutro
afneil In poland 700 death close border 14day quarantin track closeup,Neutro
erictopol thelancet lockdown polici democrat countri n't work better even forc india labour took social distanc serious come day paid that.inadequ test 2 total popul test 50 day lockdown,Positivo
kerry_robinson83 manag shrink cloth sinc lockdown,Neutro
coronaviru grant shapp give updat outbreak UK â€“ watch live â€“ guardian new,Positivo
presid donald trump make remark begin meet congression republican state dine room white hous may 8 ğŸ‘‡ğŸ¼ great let â€™ spread coronaviru around gop friend,Positivo
former kushner employe call coronaviru respons `` pain familiar '' scath op-,Positivo
dwpscumbag sadiqkhan willnorman rosslydal bikebizonlin lbofhounslow mayorofhackney putneyfleur thejeremyvin I want resign 's useless ca n't even arrang ppe tfl say ca n't catch covid-19 tube defend terrorist tri overturn democraci 's absolut kha n't,Positivo
tell the truth your gone IN thi admin oust govern scientist push back trump-tout coronaviru treatment speak,Neutro
senschum No one right mind go submit covid test `` list '' `` app '' track life,Positivo
great post-quarantin game get juic flow ğŸ¤£ ..i 'd drive seeing-eye-singl everybodi,Positivo
Me tri surviv distanc learn quarantin,Neutro
sinconspicu mikelucey11 petergreen61 bethrigbi I 'm thick coupl week lockdown relax peopl allow sit park differ make If 2m apart peopl outsid household It caus harm,Positivo
wa coronaviru made wuhan lab here â€™ genet evid show read more bleakreport bbm,Positivo
villainouschild It would I got emot think pm quarantin strang mix ...,Neutro
janesonlockdown gavinnewsom tedlieu ye state conclud father 's cellphon may come contact CV person took quarantin 10 day later die CV sorri could see thought best cancel donat trump 2020 campaign could extra,Positivo
coronaviru cluster blossom At white hous As trump continu To minim threat,Neutro
lbc clive I â€™ disgust way leak allow I think I younger I â€™ ignor lockdown I â€™ think handl well domin cum run countri expect chao mi inform divers,Neutro
gabep01 ny_cam22 bruhsoundeffekt seleonard310 _mindyourspeak justin2700 tomilahren No â€™ governor the who lie china lie hospit count mani death covid essenti worker â€™ get peopl stay home weaken immun system,Neutro
tnestoro how will viru wreck economi could bring us forward cashless societi did know bibl foretold Go ğŸº covid19,Neutro
__liptonia I lost track quarantineğŸ˜‚,Neutro
Am I one think big corpor entiti reli crowd peopl revenu form consortium investor fund covid19 vaccin antivir research disney wbpictur universalp regalmovi sixflag,Neutro
penc â€™ press secretari test posit covid-19 husband work trump,Neutro
distantmedicin thi lockdown pain ass special peopl suffer mental health,Positivo
our platform normal heavili driven event covid-19 complet upend usual method flexibl toolset allow quick pivot help local resid shop local onlin We introduc gift guid like,Positivo
can â€™ even imagin world would like quarantin happen black op 2 newest call duti,Positivo
heartisatwitta howdi are head toward cashless societi covid-19 the bibl prophesi Do n't believ Go ğŸ™ğŸ» covid19,Neutro
singapor 70 time fewer covid-19 death LA car sprawl lack tourist lack peopl low densiti luck etc etc etc,Neutro
tnestoro check what may agenda covid-19 are move toward societi physic cash did hear bibl spoke book revel must read articl ğŸ˜¦ covid19,Neutro
and trend use quarantin time final stuff hoard concert-rel stuff continu thi time sever year worth now-fram plectrum variou gig korn bfsrock mfnh dragonforc officialstaticx carpenter_brut amp edshredz,Positivo
setinstone13 ozraeliavi acurrentaffair9 theboltreport endang public health violat stay home order/lockdown,Neutro
just covid-19 shop panic began man near wal-mart exclaim buddi â€œ you know us southern peopl know â€™ blow â€™ buy whole store â€ entir life â€™ shut .5 â€ snow I wonder guy ...,Positivo
great possibl covid transfer via sperm dsb gon na epidem,Positivo
im current work foot injuri and n't know long 's gon na take even brother 's earn much food deliveri servic and realli bad time covid situat still ongo but think,Positivo
A health worker take temperatur peopl ride taxi van amid concern spread coronaviru diseas covid-19 main entranc sanaa yemen,Positivo
are reusabl shop bag safe coronaviru pandem,Positivo
reopen california phase 2 reopen CA busi start friday gov gavin newsom modifi shelter-in-plac order busi covid19 california,Neutro
lockdown photoshoot ğŸ–¤ğŸ¤,Neutro
nowthisnew 's lie never said fatal rate flu I 've seen video three time full they said `` way covid work similar flu lot infect rel low death rate '' So flu n't take 50-60k lives/year anymor,Positivo
hahaha parti truck covid 19,Positivo
alexander-scott say 24 RI covid death age 70-79 32 80-89 23 90-99,Neutro
I hope true johnmagufuli tanzania coronaviru who unicef ajenglish,Positivo
doe n't thi ğŸ’© sound like our quarantin situat ğŸ“Œpleas ğŸ“Œfollow ME ğŸ“Œ pmgrands1 ğŸ“Œretweet ğŸ“Œgod bless jesuschrist1st qanon wwg1wga thegreatawak covid19manmad trump2020 maga2020 trumpsaveskid cabalkil magarollercoast,Positivo
gilbert burn offer replac ronaldo souza posit coronaviru test jump 15lb take uriah hall,Neutro
`` quarantin cant bore '' quarantin,Neutro
ğŸ™ğŸ»ğŸ˜¥mi duti pic ğŸ lockdown ğŸ˜·ğŸ¤³ delhi india,Neutro
100 finish persona 3 today time remain go .hack//quarantin let goooooo,Neutro
you need comment borisjohnson you not matthancock michaelgov you did deliber get leak paper suggest unlock public could open economi blame coronaviru surg pray learn keir_starm uklabour,Neutro
73 percent u. adult say china hold blame american coronaviru death via breitbartnew,Positivo
how privat equiti firm will profit from covid19 coronaviru coronaviruspandem resist ow,Positivo
trupatriot20 realdonaldtrump gavinnewsom mikegarcia2020 sinc ok make plan worst possibl outcom would rather wait anoth potenti lockdown anoth wave autumn,Positivo
"updat toronto number 7,251 case 424 hospit 104 intens care To date 120 institut outbreak In total 567 peopl die covid19ontario",Neutro
coronaviru four death NI,Neutro
ğŸ“£ quarantin read nearli 300 interview top ğŸ‡¨ğŸ‡¦ busi leader ğŸ“Œ No spin Q amp A ğŸ’¡ key takeaway piec ğŸ“º video covid19 respons ğŸ§ podcast episod,Positivo
covid-19 updat meet special inspector gener pandem recoveri cadwalad,Positivo
end lockdown man ju wan na see,Positivo
coronaviru lewi hamilton grate for grand prix â€œ sabbat â€,Positivo
dancrenshawtx sentedcruz johncornyn take note not peopl trust honor thi neighbor right spread covid-19 public space consid `` right '',Positivo
whi irish peopl donat help nativ american hit coronaviru our govern want forget nativ american neverforget,Neutro
upcorrupt gavinnewsom We american lock like crimin base so-cal scienc who pharmaceut corpor end lockdown now and end fed privat bank cartel skim labor corpor oligarchi wall street two-parti system,Positivo
obama say white hous respons coronaviru 'absolut chaotic disast can I hear AN amen TO that amen amen amen donthecon,Neutro
Do n't know happen next curfew option left anoth 14 day meerut meerut covid_19,Neutro
No offenc want hear anymor news coronaviru far depress let happi news instead,Positivo
So took pandem lockdown final smhğŸ˜¾ kitti perturb comfi perturbedğŸ˜¬ ronanltynan rooster613 frangeladuo doughtywench southeastwood lyncko fareed95 johnfugelsang susanmcp1 bombpopsrevolt matt_dominguez guidedheart linguacelta,Neutro
vitamin D appear play role covid-19 mortal rate,Neutro
but gerg soro bill amp hilari clinton obama R indian led PM sinc 2001 bhuj earthquak world 's socioeconom control hand main object covid-19,Positivo
ekulaharish Hi unrol kanitkart thread what `` learn live covid-19 mean what percentag hide 1/the `` herd immun '' notâ€¦ share think 's interest ğŸ¤–,Positivo
air france-klm uneasi with french govern â€™ â€˜ good airbu custom â€™ mandat for coronaviru aid,Positivo
covid-19 cast dark cloud over fli car futur,Positivo
south korea show life lockdown peopl think,Neutro
south korea show life lockdown peopl think,Neutro
ericthecarguy I map ownerd manuel sun glass bonu point covid 19 protection..lol,Neutro
portug prepar sever billion-dollar clean energi project post-coronaviru futur,Positivo
billken73225206 jacklemaitr heather5837 vicjkim A cheap instant diy covid 19 test take everi morn that 's,Positivo
coronaviru take toll sweden 's immigr commun,Neutro
fear covid-19 older peopl alter live will sfgate,Positivo
ğŸ˜”today I drop phone I alreadi replac screen recent cheaper price I done buy new phone everi 1-2 year wait lockdown open I buy cheaper screen worker great mobil phone india reus technolog india sundaythought,Positivo
Mr zay alawi tell stori recoveri coronaviru more link Ùstopthecurv inabudhabi healthcar seha covid19,Positivo
railminindia convert 5231 coach covid19 care centr 95k covid tests/day 100 udan flight oper suppli essenti amp medicin vandebharatmiss rescu 1000 indian stuck abroad product 2L ppe kits/day wakeupindia india safe hand,Positivo
dpathak0108 vineetkansal2 aktu_lucknow thank lot reply..main wait kar loonga jab tak lock nhi khulta..but plz help contact number take statu lockdown,Neutro
the result lockdown bodi happen hair,Neutro
item 1 3 hope end thread nice way think covid local surveil respect,Positivo
sardesairajdeep So lockdown end,Neutro
coronaviru creat rift US china may take gener heal,Neutro
seanhann what covid19,Neutro
coronaviru creat rift US china may take gener heal,Neutro
delhi govt free tablighi jamaat member neg covid quarantin indefinit don â€™ even know muslim treat differ differ class patient violat art 15 asadowaisi written author seek immedi releas,Positivo
If everyon weather like rn would issu lockdown bank holiday weekend ... ğŸ˜…â˜”ï¸ğŸ“šâ˜•ï¸,Neutro
It 's strang listen the carpent 's quarantin,Neutro
thi quarantin realli get I realli dreamt whole ass everi blank ever episod I woke laugh either I could becom writer smosh I put insan asylum,Positivo
candeboi move lockdown end gon na throw whole smoke parti favourit oomf,Positivo
coronaviru shoot shot fli freak flag live best life im stan highli infecti king,Positivo
sammygyamfi2017 haha interesting..your gener secretari said lockdown plot rig elections..se back lockdown ... ghana dey,Positivo
the peavi invad HS spotlight 5pm foxsportssw what 's like coach state 's 1 team 6A covid-19 crisi ... davidpeavy20 mjpv5 way back-to-back titl father/son 's last harrah togeth duncanvillebb pantherssport texastechmbb,Neutro
covid-19 posit case touch 1163 telangana,Neutro
good morn everyon except covid19,Positivo
elonmusk gerberkawasaki thirdrowtesla doe mean new job open texa I â€™ unemploy covid would love job tesla,Positivo
kirstiealley peopl want less intervent quick result covid go away inconvenienc what recommend number go not pick fight curiou hear way,Positivo
sign petit demand interior depart stop public land sale fossil fuel industri covid-19 pandem take action,Positivo
taiwan leader coronaviru pandem first rais concern impend risk If who truli organ focus public health reason taiwan â€™ grant observ statu,Positivo
here 's thread thought nobodi ask ufc249 crazi It I 'm look forward watch fight later I hope ufc get lucki fighter anyon involv affect covid-19 posit vibe âœŒï¸,Neutro
soundpolici now middl ground I â€™ search that said trump issu nation emerg who declar pandem I believ I could wrong top head note im fairli certain california â€™ lockdown came,Positivo
hicaduda I thought meant drew blood see donat antibodi fight covid-19,Neutro
psychotherapist headspac client psychotherapi teletherapi depress anxieti psycholog mentalhealth mentalhealthcar psychotherapist covid19 coronaviru,Positivo
In downtown annapoli maryland kunta kint memori alex haley follow covid -19 social distanc guidelin don mask stay safe more photographi covidãƒ¼19â€¦ ğŸ“¸ via,Positivo
polk counti record first covid-19 relat death,Positivo
davidpepp former fda commission scott gottlieb share graph earlier today show ohio covid posit rate much higher recommend 10 safe reopen thi measur control increas number case,Positivo
realdonaldtrump gavinnewsom mikegarcia2020 good man Mr presid I suggest order thorough investig coronaviru updat while I believ viru real claim mani live possibl figur exagger investig may prove right,Positivo
tsduberri lol u deffo quarantin long ğŸ˜‚,Positivo
7 macro photographi idea dure quarantin period macro visual_outcom photo photooftheday composit,Neutro
how nut quarantin healthi peopl isnt backward coronavirusuk,Neutro
"realdonaldtrump 1,3 million infect coronaviru u.s. 78,000+ death `` It 's democrat hoax '' `` It gone soon '' `` the heat kill ''",Neutro
`` seoul close club bar covid-19 patient visit multipl nightclub '',Neutro
rahulkanw tomorrow come tweet india highest covid case sub- contin india today worst channel india agenda journalist,Positivo
hussein_lawati mumzworld greet are move toward cashless societi coronaviru the bibl foretold Do n't believ view ğŸ³ covid19,Neutro
first outfit I â€™ wear quarantin ğŸ–¤ğŸ¤,Positivo
how corona viru affect children the impact covid-19 children A stori daughter class 8 â€™ hero covid19,Neutro
april spritz made favourit bartend _alistairlambert lockdown,Neutro
leroybrito â€œ feel hot hot hot â€ ... ..covid-19 ... .. â€ feel breath â€ idiot,Positivo
donjiab addicted2newz who said go relax lockdown all I â€™ heard could extend anoth 3 week ğŸ¤·â€â™€ï¸ğŸ¤·â€â™€ï¸,Neutro
xhayleyxx1994 right earli end lockdown My girlfriend famili stil vist one anoth make Me mad ğŸ˜“,Positivo
london â€™ appear lockdown most pictur peopl break lockdown london,Positivo
whi covid death significantli overcount `` typic medicar payment hospit would 5K patient but â€™ covid â€™ 13k 's covid ventil goe 39k A usa today fact check deem claim true '',Positivo
quarantin suck realli,Neutro
death total covid-19 florida nurs home surpass 650,Neutro
stupid covid19,Positivo
elonmusk teslaownersebay gerberkawasaki thirdrowtesla Is covid affect speed build giga berlin,Neutro
twitter dot com hustler work overtim lockdown,Neutro
Oh I covid-19 test I took yesterday came neg,Neutro
thewhointhewhat allanro30526638 I 'm go back tae covid fuck ragna nae rock anythin,Positivo
top medial bodi partner with bharat biotech To develop covid-19 vaccin,Positivo
2seema1 geoffreyyork zanaturalhealth mariannethamm So suggest lockdown vaccin avail,Neutro
obama say white hous respons coronaviru 'absolut chaotic disast,Neutro
the hardest part lockdown definit abl face face visit usual care I get mental health team,Positivo
ridingthebull01 hey could coronaviru destroy economi could move us digit age cashless societi did know jesu foretold Go ğŸ™ğŸ» covid19,Positivo
what lockdown look like leicest traffic jam,Neutro
ani flotu togeth pray ill one suffer strength protect work frontlin covid19 flotu trump2020 carryminatiroast maga2020 melaniatrump ivankatrump,Positivo
itweetynerd magat global warm hoax covid-19 hoax trump crimin â€™ hoax.rac hoax scienc hoax russian collus hoax obama â€™ birth certif hoax real american all physic evid corrobor,Positivo
the â€œ quarantin â€™ bore â€ meme tri insult certain game never work quarantin fun,Positivo
â€œ the last thing want to-me-to-y chuckl brother situat go lockdown. â€ rememb chucklevis episod paul/barri appoint health minist caus farcic chao seri error nation health polici,Neutro
icymi johnnykanefsd join week â€™ toledosport podcast talk close encount coronaviru nba â€™ shutdown thelastd pleas listen subscrib podcast found,Neutro
fyi boredom quarantin I make linkedin send connect invit bunch â€™,Neutro
covid chronicl,Neutro
If biggest threat pose covid conflict polit instabl contain one jurisdict would worst case allow slowli spread everywher best case true global nation state-level etc ... henc,Positivo
govmikedewin chriscuomo cuomoprimetim the worldwid lockdown may Be greatest mistak histori,Positivo
mollyjongfast ohio one enviabl covid19 record US thank earli action taken gov dewin ohio â€™ univers health center cleveland clinic gop state legisl appar â€™ happi much win,Positivo
lindaofnm1 theresalrosa will get lost coronavirus/economi debacl neither attribut,Neutro
No realli peopl think lockdown ğŸ˜‚ğŸ˜‚ weekend roll round rule go window appar,Positivo
hshtoria Im probabl gon na self quarantin least anoth 3-4 month My woman got sickl cell I aint tryna pass shit inadvert ...,Positivo
El paso quarantin one friend,Neutro
dc_draino notic talk coronaviru anymor media 1 sheep 0,Neutro
realdonaldtrump good know get daili covid test ani idea american get umm one,Positivo
roar 20 vs bore 20 coronaviru,Neutro
*student return oversea due covid-19 covid_19,Positivo
offici navajo nation covid-19 relief fund,Neutro
definit get hair short quarantin lift,Neutro
great piec davidjlynch I note one largest drag economi pre-covid train workforc curiou see shift job want job need,Positivo
coronaviru illinoi updat here â€™ â€™ happen saturday covid-19 chicago area,Neutro
yct ronnyjackson4tx thi morn ronni jackson state fox new immigr social cultur habit respons spread covid-19 texa meatpack plant Do agre should apolog Do still endors,Positivo
iain_00 keelaoutdoor excel news ... .let hope contract continu compani covid,Neutro
royaltionwheel covid19,Neutro
ron desanti like trump clue coronaviru busi self congratulatori pep ralli We pay ego trip lie fest,Neutro
theaachooo aww even im gon na get one lockdown lift,Positivo
divaynwa incred ... will liverpool MC suddenli becom bad coronaviru outbreak ... ğŸ˜‚ğŸ˜‚,Positivo
sign petit demand interior depart stop public land sale fossil fuel industri covid-19 pandem take action,Positivo
brianklaa brian hv compar trump gop covid respons china 45 hid info lie spread disinfo abt viru some redstat hide â€™ test prison amp nursinghom â€™ transpar instead disappear whistleblow amp expert â€™ fire muzzl,Neutro
yale epidemiologist trump 's respons covid-19 'close genocid default,Neutro
ğŸ’â€â™€ï¸ benefit tulsi water basil water also help weight loss detox ğŸ‘‡ visit ğŸ‘‰ extendlockdown violenceagainsttnwomen covid19 covid_19 quarantin,Neutro
paolaiswrit It ridicul liter state would hard meet governor minimum new case amp number death ... yea â€™ kinda point show counti control term manag covid case,Positivo
acut cor pulmonal critic ill patient covid-19 nejm,Positivo
bihar IG headquart nayyar hasnain khan written state 's princip secretari health demand organis test polic personnel deploy covid19 duti sourc ani biharfightscorona biharfightscovid19 biharhealthdept,Neutro
ani flotu togeth pray ill one suffer strength protect work frontlin covid19 flotu trump2020 carryminatiroast maga2020 melaniatrump ivankatrump,Positivo
janefriesen repleezeldin the death rate covid-19 ... 0.000212121 So death everywher accord right,Positivo
brave new world could coronaviru pandem lead chang polici lifestyl ...,Positivo
iamrauzzi they wo n't fall nigerian leverag kind things.. that 's I asked.. post covid price old phone return normal,Positivo
the latest the spring TX 77373 amp more daili shelleyluth covid19,Positivo
shaunfromep 5 polic offic die covid19 IL the failur commerci broker want put risk claim â€œ blue live matter. â€ zero list sale loopnet amp costar ğŸ˜‚ğŸ˜‚ğŸ˜‚ğŸ˜‚,Positivo
5G still thought peopl transmit coronaviru I mean ... realli get IN touch with realiti,Positivo
read bojo go implement 14 day quarantin peopl visit UK go kill aviat industri horribl situat everyon job reli plane fli I dont get furlough 2 month 50 wage cut lose 1K month ğŸ˜¥,Neutro
jolen lockdown parodi via youtub,Neutro
frat guy walk store last night mask act squirrelli probabl pop pill â€œ hey bro â€™ think coronaviru overhyp â€,Neutro
the US pay least 91m 2transport ppe cargo privat HC compani 4their promis 2sell 50 suppli coronaviru hot spot It â€™ call project airbridg It thu make sens 2say feder govern â€™ ship clerk they get paid justice4coronaviru,Positivo
kn95 surgic mask sale covid19 corona quarantin lockdown facemask protect coronaviru cdc new wholesal sale facemask run fast order,Positivo
quarantin thought what I start histori podcast,Neutro
sandipg66434737 Hi sandip due prescrib protocol curb spread covid19 oper limit staff under circumst may delay respons pleas bear us In case urgent queri request may also use netbank 1/2,Positivo
deep state and china use covid for popul control,Neutro
just there appar emu protest lockdown baltimor the emu seem white supremacist tie time howev seem fund three larg conserv super pac,Positivo
cgidubai meaindia indembabudhabi airindiain drsjaishankar pregnant ladi senior citizen suffer evacu they self quarantin home instead ask stay common place 14day If found neg covid test govern consid allow self quarantin,Positivo
anbalaghixoxo lehalea97 I actual ... exclud covid thing ..i spend 10am till 17pm mask,Neutro
coronaviru the urgenc film industri find solut rise,Neutro
nakeddgarden when obama â€™ unemploy rate went from 4.1 TO 3.5 IN 3 year HE said IT wa 100 due TO him but went 4.1 14.7 3 Â½ year said fault despit gut obama â€™ anti-viru prep replac V hit. coronaviru,Positivo
jennif aniston ğŸ’• actress friend stay At home save live ğŸ¡ coronaviru covid 19 playlist stayathomesavel nh track `` 1280 stomp '' ğŸ¥ cover,Positivo
hurri lockdown I need front queue hot philipjames69 action ğŸ˜œ damn super hot guy,Positivo
narendramodi giuseppeconteit ye work togeth overcom covid,Neutro
gingerliu greet what may agenda coronaviru are enter cashless societi did hear bibl spoke book revel look â–¶ï¸ coronaviru,Neutro
baroocluesr I think lockdown extend 're consid eas restrict apprentiy 's gon na speech plan tomorrow even time tell 'll,Neutro
gards44 govern leak upcom chang lockdown led peopl go outsid full parti street yesterday I n't seen famili month ğŸ˜­,Positivo
I â€™ drive greenwood appar everyon immun covid 19,Neutro
stuartmc13 coatesieboy agirlcalledlina mpshackney If govern took control situat enforc hard lockdown like countri europ â€™ problem whi would peopl listen govern minist flee lockdown rule lead exampl ...,Positivo
realtiffanyvaz washingtonpost Yo what might realiti coronaviru could enter societi physic cash did hear bibl spoke book revel take look ğŸ³ coronaviru,Neutro
amdguerrero what 's what could becom societi the futur move direct cashless-societi ... did know bibl spoke would happen end day read ğŸ¹ coronaviru,Positivo
some say 1D best boy band some say bt best boy band but deep know fresh covid-19 case report daili state just hope day n't come norbertelek post updat fresh case instead hb stay safe guy,Positivo
thebookpeep jasonoliver64 james1940 bori said pmq lockdown measur would start eas monday He spoke without detail press fill hole ye press got excit clearli got ball roll,Neutro
the latest the chuck pool daili thank jonharper70bd willgourley student coronaviru,Positivo
uganda busi idea after lockdown area take longest recov travel tour thing hospit consequ mayb start second busi side tide martha leah nangalama hold busi degre,Neutro
interest govern amp polici question think gov look like post covid19 especi emergingmarket thi worldbank paper link size cabinet amp ministeri posit abil develop sound polici make âœğŸ½,Positivo
robertswiftld Hi are press toward cashless societi coronaviru the bibl prophesi Do n't believ view ğŸ’¯ covid19,Neutro
audzamash gavuza88__ onli got small packet big one stock I hate lockdown,Positivo
rare syndrom tie covid19 kill three children new york cuomo say,Positivo
londonrealtv peopl beg law pass freedom peopl insan unfortun mindset peopl wors lockdown,Neutro
broughton hous resid former sergeant major chri ainsworth enjoy glass wine love wife val lockdown A wonder coupl ğŸ’™ broughtonhous salford manchest veteran royalartilleri veterancar,Positivo
seem lot peopl taken upon declar lockdown cheer prolong everyon els put even peopl risk fuck bell end,Positivo
realdonaldtrump gavinnewsom mikegarcia2020 you staff â€™ test posit covid19 â€™ close contact w/ post bro need place energi place els ... realdonaldtrump VP like expos whitehous businessinsid,Neutro
Pm doesnt care namastey trum Pm doesnt care MP gov coup suddenli lockdown amp pm start care form request fund pmcare,Neutro
I â€™ get major childhood memori quarantin,Positivo
cnbc It 'll cost state less money tri `` product '' work unintent spread coronaviru,Positivo
largest coronaviru studi date reveal mortal risk factor,Neutro
quarantin right part 2,Positivo
As covid-19 restrict eas here 's how church Is reintegr via ch_jesuschrist,Neutro
trump pass buck wish coronaviru away â€™ leadership â€™ cowardic,Neutro
friends9157 realdonaldtrump gavinnewsom mikegarcia2020 covid19 get closer closer trump time onli matter time get karma,Neutro
sight citi manhattan newyork nyc quarantin worldtradecent,Neutro
comixfre awakenmysparkl chandaclondon right back Is like break lockdown either us post not chanc,Positivo
scottfunk0 My daughter rotat OR covid-19 floor imc stay safe,Positivo
barbaridhi drcovid1 21wire jasonro42239493 govuk you thick shit you appear impli shut vast bulk usual nh servic impact excess death must attribut covid you absolut halfwit,Positivo
im grate made us happi quarantin day love n apprici u sm arianagrand,Positivo
martinst mdsp mdng 175thwing yeahhhh ... well whole **different** feel 're larryhogan 's lockdown but hi excel like know that.. reopenmaryland mdpolit constitutionovercoronaviru,Positivo
when earth lockdown 's citizen speci taken respons keep thing order,Neutro
machpelahcav I said week ago I 'm wait media put `` report '' coronaviru might sexual transmit ... anoth attempt popul control put fear mass ...,Positivo
fowlern swanny31176 liberalshate_ therightmelissa sweden n't close everyth they well anyon covid,Neutro
I wish whole covid shit â€™ happen Bc im real deal sad I â€™ parÃ­ weekend,Positivo
I feel like I â€™ go come lockdown much chill â€™ realli put life perspect,Positivo
whi tamilnadu bjp oppos covid 19 contribut templ endow ...,Neutro
fuck lockdown n't left hous 15 week person reason aswel fuck laugh,Positivo
heykitti trump 's valet penc staff member ivanka 's secretari not report ... concern coronaviru among white hous staff grow current 11 secret servic employe activ covid 19 case more recov 60 self-quarantin monitor,Positivo
watch webinar how boost immun against covid-19 Ø±ÙØ¹_Ø§Ù„Ù…Ù†Ø§Ø¹Ø©_ÙˆÙƒÙˆØ±ÙˆÙ†Ø§ Ø¨Ù…Ø¨Ø§Ø¯Ø±Ø©_fexc,Neutro
lockdown tri narrat poem hope like,Neutro
coronaviru illinoi updat here â€™ â€™ happen saturday covid-19 chicago area,Neutro
have get bone lockdown hot gaysex,Positivo
cnn flotu togeth pray ill one suffer strength protect work frontlin covid19 flotu trump2020 carryminatiroast maga2020 melaniatrump ivankatrump,Positivo
89brownsugar UN unocha personalsupportwork key essentialservic essentialwork they heavi lift liter 4 patient amp elderli infirm nursinghom amp everywher they bath shave amp feed vulner they requir ppe personalprotectiveequip willma know coronaviru,Neutro
mentalhealthawarenessmonth thi lockdown might make feel even wors I promis 's temporari 're alon ğŸ’š If ever need talk anyth vent DM 's open let 's keep fight everyon ğŸ’ªğŸ¼,Neutro
kenyan quarantin help extent ... sharpen tool reason,Neutro
adrian_benep VP what 's what societi our futur head toward cashless-societi ... did hear bibl spoke would occur final day take look ğŸ£ covid19,Neutro
may 9 10:35am day someth quarantin amp mf alreadi horni,Neutro
sadboylasagna khivequeenbe plan address covid-19 economi found,Neutro
you know might well end lockdown peopl â€™ seem grasp concept concept anyway..,Neutro
â€œ quarantin â€™ bore â€ quarantin,Neutro
So boyfriend live sinc march 23 due quarantin â€™ move back home tomorrow I â€™ devast I â€™ abl see leav I â€™ sad alon I hope I â€™ okay,Positivo
"with nearli 14,500 coronaviru case record a.m. sever NC beach re-open visitor may travel fame outer bank come may 16th will wearamask ğŸ“· june 17 2019 dayton ohio obx outerbank northcarolina recreat tourism politicsonwheel",Neutro
quarantin get Do color hair,Neutro
walk acevisibilityday day late starbuck I â€™ quarantin ğŸ¤ğŸ–¤ğŸ’œ resid agend ace cosplay fall label gay everi sens word amaz partner life magic accept love ğŸ’•,Positivo
nashvil govern decid involuntarili quarantin least 100 asymptot covid19 patient fairground penalti arrest flee ... suddenli civil liberti group silenc,Positivo
It 's long time I call servic provid custom care line how are lockdown ğŸ¤·â€â™‚ï¸,Positivo
becaus half busi quarantin amp â€™ gone time smh,Positivo
As shown earli I got new saber cosplay I love charact hope arrang con shoot summer end lockdown permit for cute selfi âš”ï¸âœ¨âš”ï¸âœ¨âš”ï¸ cosplay fate_sn_anim saber fatego,Positivo
huismanjisca rscheppingen jana_huisman thi week 's covid19 sit-rep avail dutch,Neutro
daili travesti friday perfidi williambarr drop charg even tho flynnisguilti will daili travesti monday secazar hhsgov secti afraid re-inst rickabright barda ha whistleblow crozier reinstat yet secnav covid19,Positivo
camilaaccess tiktok_u discov quarantin onecommun musicmatt,Neutro
touguhegut covid,Neutro
comstocknew cbsla dbchirpi wear mask protect other supervisor becam accessori biolog murder In save live v livelihood live lost As covid spike think save livelihood die amp caus death other rprc rivco,Positivo
indiana health offici still releas nurs home resid diagnos covid-19 facil long term care resid die,Positivo
realdonaldtrump As saturday 73 children new york sicken rare ill similar kawasaki diseas governor cuomo said mani children show respiratori symptom commonli associ coronaviru trumpviru gop,Positivo
covid19 quarantin â« what holi fâ€¢ck happen â« â« â€™ live greatest gift ever unwrap â« not death viru ğŸ¦  paus â« crisi gave us once-in-a lifetim chanc see selv world plainest view,Positivo
three children die newyork covid -19-relat syndrom cuomo say,Neutro
ye much expect penc would good exampl trump would quarantin,Positivo
"updat serbia 's coronaviru talli pass 10,000 89 new case sputnikupadt",Positivo
imatelli l8ertoot whee_thisisfun trucelt scottmcleod_nm I n't care consid My boyfriend `` essenti '' He come home everyday I `` protect '' stay home I teach home 6 week the school never close imo We quarantin sick peopl healthi one,Positivo
katie_morrisxx In last 5 minut I â€™ 2 post peopl parent hous â€™ even live anymore.. peopl clearli think lockdown â€™ thing,Positivo
where china coronaviru diseas 2019 covid-19 first identifi A. shenzhou B. wuhan C. beij D. shanghai the correct answer B. wuhan sonytv kbc12registr,Positivo
Is seem like media push worst outcom covid-19 US topdemocrat offici â€™ want help solution.. want stay problem they want loss they want power voteredtosaveamerica,Positivo
quarantin '',Neutro
var covid-19 point de situat le 09/05/20,Neutro
If covid-19 infect result temporari perman disfigur I think lot peopl would take serious A pustul lesion would soon sharpen behaviour,Positivo
Is coronaviru isol make american pack pound not accord one studi news,Neutro
opinion 7 tip watch bird dure spring lockdown,Neutro
icanthinkformy2 musicstoo stvnew n't travel lockdown fine n't place point,Positivo
An american hedg fund want canadian coronaviru emerg fund,Neutro
covid-19 updat czech republ,Neutro
janamurray charbrevolut It say lockdown So I â€™ assum mean without mask,Positivo
myanmar militari announc unilater ceasefir saturday â€”accord statement effect covid19 respons peac process â€” 10 may 31 august exclud area oper terrorist org mean rakhin chin state arakan armi oper,Positivo
health tip covid_19 daili walk plenti warm water intak healthi food forget use mask outsid home maintain social distanc wash hands/sanit regularli atleast 20 second coronaviru,Positivo
beat coronaviru need return health surveil say who worldnew,Neutro
tech_faq swiftonsecur barongreen_back that â€™ point cours anim vaccin â€™ help covid-19 that thread refut claim tri creat vaccin common cold â€™ We develop vaccin individu coronavirus reason think â€™,Positivo
ghneal chahali peopl tire lockdown,Neutro
coronaviru new zealand jump board taiwan who push,Positivo
qtanon1 flotu togeth pray ill one suffer strength protect work frontlin covid19 flotu trump2020 carryminatiroast maga2020 melaniatrump ivankatrump,Positivo
fda chief self-quarantin exposur person coronaviru,Neutro
therapi reduc men â€™ testosteron seen promis coronaviru treatment news,Neutro
jameswi05026180 hillaryclinton gavinnewsom We american lock like crimin base so-cal scienc who pharmaceut corpor end lockdown now and end fed privat bank cartel skim labor corpor oligarchi wall street two-parti system,Positivo
covidindiaseva mohfw_india hmoindia .. now app show covid-19 posit near 500m area ... thi urgent attent pleas,Positivo
adrian_benep VP Hi covid-19 covert ID are head toward futur cashless-society..did know bibl spoke take look ğŸ¹ coronaviru,Neutro
